Company,Aviation,Engineering,Fire Domestic,Fire Industrial,Liability,Marine,Motor Private,Motor Commercial,Motor Commercial PSV,Personal Accident,Theft,Workmens' Compensation,Medical,Miscellaneous,Total,Unnamed: 17,quarter
AAR INSURANCE KENYA,0.0,1119.5712,309.63316,6656.64333,9124.4546,48.25,0.0,0.0,0.0,3405.4688,6070.607230000001,38019.92034,3219842.450288419,6555.132079999999,3291152.131028419,0.0,Q1_2025
AFRICAN MERCHANT ASSURANCE ,0.0,17139.147,123.537,925.932,6413.55,1912.709,118667.337,170748.094,755613.814,4683.585,1420.537,54120.591,0.0,7608.669,1139377.502,0.0,Q1_2025
APA INSURANCE COMPANY,108049.902,121056.133,42109.842,1028164.678,193479.746,93040.262,885955.218,766252.117,0.0,64504.316,120712.964,257497.218,2892011.553,124290.992,6697124.941,0.0,Q1_2025
BRITAM GENERAL INSURANCE,36227.08461,389231.42625,63255.38147,618336.0879600001,237942.15793,142006.4596200001,429799.267199999,211326.37179,0.0,65403.02297746627,399326.43424,146776.62819,2047252.264416427,22067.00734,4808949.593993892,0.0,Q1_2025
CANNON GENERAL INSURANCE (K) LIMITED,0.0,42030.258,5021.126,18573.987,8711.35,14783.732,376766.58271,111908.71,0.0,11173.585,7309.964,38266.527,0.0,10524.631,645070.45271,0.0,Q1_2025
CIC GENERAL INSURANCE COMPANY,0.0,37636.27267,38529.77041,175426.7487800001,71954.88468,11892.5272,872590.4549900003,703727.4567500001,0.0,165872.64219,400193.8934799999,209133.73245,3775590.254579999,77398.93644938045,6539947.574629379,0.0,Q1_2025
CORPORATE INSURANCE COMPANY,0.0,1965.791978338281,741.9727844246044,4297.444699459311,1260.461382109814,419.7441157302074,8673.49759160853,3789.893311543591,0.0,1602.72291964994,1136.646456043121,2305.469606742649,0.0,1451.465552111226,27645.11039776127,0.0,Q1_2025
DEFINITE ASSURANCE COMPANY,0.0,56.4,0.0,239.367,0.0,0.0,11605.90946,5360.2654,32408.96631,1.246,500.544,30.803,0.0,20073.795,70277.29617,0.0,Q1_2025
DIRECTLINE ASSURANCE COMPANY,0.0,0.0,0.0,0.0,0.0,0.0,70428.59937999997,24195.1887,492642.5677900001,0.0,0.0,0.0,0.0,0.0,587266.3558700001,0.0,Q1_2025
EQUITY GENERAL INSURANCE LIMITED,0.0,20436.198,0.0,33569.195,42088.971,0.0,0.0,0.0,0.0,0.0,97072.728,0.0,1165374.381,0.0,1358541.473,0.0,Q1_2025
FIDELITY SHIELD INSURANCE  ,2366.191,28167.014,13590.243,143092.391,26181.739,34615.257,378001.518,464242.788,13029.923,3377.34,35284.327,128901.074,130142.989,81965.32,1482958.114,0.0,Q1_2025
FIRST ASSURANCE COMPANY,0.0,38877.806,15720.311,222771.363,33970.84,64915.765,221356.821,208607.297,0.0,61522.848,38124.641,44003.951,1855118.441,35101.129,2840091.213,0.0,Q1_2025
GA INSURANCE COMPANY,338883.669,381561.16,74403.431,1557943.811,102389.466,195481.762,581216.188,589567.254,56642.11,49247.999,304303.575,430795.854,1910582.006,115030.288,6688048.573,0.0,Q1_2025
GEMINIA INSURANCE COMPANY ,101320.652,47480.469,33722.335,239891.256,60909.31,262285.93,353729.22,463839.062,0.0,56800.567,103112.286,205172.451,0.0,27554.058,1955817.596,0.0,Q1_2025
ICEA LION GENERAL INSURANCE,297970.931,236570.847,51591.354,623985.257,91847.94,63256.533,724888.453,257365.42,0.0,98263.723,77218.586,265113.494,128311.687,60149.721,2976533.946,0.0,Q1_2025
INTRA-AFRICA ASSURANCE ,0.0,85157.375,22532.669,235811.878,23032.97,63366.615,259770.813,124235.279,23259.425,9024.911,41964.556,145308.224,0.0,73609.196,1107073.911,0.0,Q1_2025
JUBILEE ALLIANZ GENERAL INSURANCE,0.0,0.0,0.0,0.0,0.0,0.0,0.0,0.0,0.0,0.0,0.0,0.0,0.0,0.0,0.0,0.0,Q1_2025
JUBILEE HEALTH INSURANCE,0.0,0.0,0.0,0.0,0.0,0.0,0.0,0.0,0.0,0.0,0.0,0.0,5633556.448429999,0.0,5633556.448429999,0.0,Q1_2025
KENINDIA ASSURANCE COMPANY ,0.0,63014.043,11818.122,252102.276,19115.697,30465.0,183959.205,170589.041,0.0,2590.423,84734.015,71813.112,56048.249,3675.248,949924.431,0.0,Q1_2025
KENYA ORIENT INSURANCE,0.0,0.0,0.0,0.0,0.0,0.0,0.0,0.0,0.0,0.0,0.0,0.0,0.0,0.0,0.0,0.0,Q1_2025
MADISON INSURANCE COMPANY,0.0,25015.255,9763.042,99577.56,99071.961,10120.111,181450.921,1057094.027,0.0,31282.448,100388.555,188898.46,1701090.39163,116626.151,3620378.88263,0.0,Q1_2025
MAYFAIR INSURANCE COMPANY,306131.114,344418.363,65651.617,990922.384,104431.333,169515.584,303331.529,304481.712,7288.595,30696.326,136048.559,445794.671,0.0,380304.166,3589015.953,0.0,Q1_2025
MUA INSURANCE COMPANY,28255.229,5357.357,2815.083,81341.318,46448.004,29297.776,86305.454,50537.569,0.0,23752.723,3311.129,40269.017,717353.214,6462.804,1121506.677,0.0,Q1_2025
NCBA INSURANCE COMPANY,0.0,34609.30634,26884.50591000001,208859.4530699999,337862.37096,18329.76745,330036.91544,46406.91099,0.0,57314.60533,64786.75492,90269.45226,0.0,0.0,1215360.04267,0.0,Q1_2025
OCCIDENTAL INSURANCE COMPANY ,24306.737,24982.757,14383.273,152337.803,7928.304,8238.1,106551.105,126764.083,0.0,14074.146,44017.651,74027.05,0.0,8522.895,606133.904,0.0,Q1_2025
OLD MUTUAL GENERAL INSURANCE ,-418.21824,126148.57296,75700.70415,470490.66158,183429.23987,56538.83382,449377.8417999999,425430.2028,0.0,26525.48532999998,343052.82546,151059.129,4631167.84957,6449.43541,6944952.563509999,0.0,Q1_2025
PACIS INSURANCE COMPANY,0.0,10756.942,6878.566,60799.353,19118.806,1417.758,194662.106,251571.458,0.0,16637.203,17292.974,61604.351,548596.578,514.908,1189851.003,0.0,Q1_2025
PIONEER INSURANCE COMPANY,7499.164,14725.6,3283.224,35306.987,20324.252,22490.474,313624.734,172610.793,0.0,12231.726,8809.912,28391.219,0.0,24113.041,663411.126,0.0,Q1_2025
SANLAM INSURANCE COMPANY,0.0,62829.00681,13331.08517,228856.13878,58328.40731,19999.50476000001,200723.0126899999,194847.34522,0.0,5203.26212,16516.118,80027.5806,0.0,2062.982019999999,882724.44348,0.0,Q1_2025
STAR DISCOVER INSURANCE,107191.303,4750.568,133.896,9715.855,463.099,3878.8072,49482.791,15874.219,0.0,342.494,1103.52,9991.249,0.0,1520.8,204448.6012,0.0,Q1_2025
TAKAFUL INSURANCE OF AFRICA,0.0,5886.515,1343.317,17274.174,10997.703,3819.234,75706.198,135486.632,0.0,682.819,12091.045,14240.322,4142.806,2875.306,284546.071,0.0,Q1_2025
TAUSI ASSURANCE COMPANY,0.0,113473.404,47841.345,497069.83425,37972.676,66359.50812,127850.984,118870.716,0.0,7002.651,82960.917,187207.99,1222.86,7145.7712,1294978.65657,0.0,Q1_2025
THE HERITAGE INSURANCE COMPANY,14746.899,38830.88,50128.772,446116.268,85822.58,21590.548,351315.76,176583.49,0.0,80620.504,47323.254,196826.877,1727366.25,116502.139,3353774.221,0.0,Q1_2025
THE KENYAN ALLIANCE INSURANCE ,0.0,3172.97581,867.54524,4124.09444,4161.24509,904.703,166250.6428,53759.75997000003,0.0,2498.339269999999,2749.14711,31806.54413,148425.639,8619.56964,427340.2055,0.0,Q1_2025
THE MONARCH INSURANCE ,0.0,4300.035,453.639,5620.51,1457.851,135.2,343584.11,214681.92,0.0,183.347,922.107,4180.709,0.0,7506.737,583026.165,0.0,Q1_2025
TRIDENT INSURANCE COMPANY ,0.0,0.0,0.0,0.0,0.0,0.0,0.0,0.0,0.0,0.0,0.0,0.0,0.0,0.0,0.0,0.0,Q1_2025
TOTAL,1372530.6573700001,2330757.450018339,692929.3422944245,8470200.709889458,1946241.3698221098,1411126.4552857298,8757663.189061608,7620755.075931542,1380885.4011000001,906522.4789371159,2599860.7728960426,3641853.670576742,32293196.311914846,1356282.2936914917,74780805.17878947,,Q1_2025
REINSURERS,,,,,,,,,,,,,,,,,Q1_2025
CONTINENTAL REINSURANCE,0.0,0.0,0.0,0.0,0.0,0.0,0.0,0.0,0.0,0.0,0.0,0.0,0.0,0.0,0.0,0.0,Q1_2025
EAST AFRICA REINSURANCE ,0.0,0.0,0.0,0.0,0.0,0.0,0.0,0.0,0.0,0.0,0.0,0.0,0.0,0.0,0.0,0.0,Q1_2025
GHANA REINSURANCE COMPANY,0.0,0.0,0.0,0.0,0.0,0.0,0.0,0.0,0.0,0.0,0.0,0.0,0.0,0.0,0.0,0.0,Q1_2025
KENYA REINSURANCE CORPORATION,0.0,0.0,0.0,0.0,0.0,0.0,0.0,0.0,0.0,0.0,0.0,0.0,0.0,0.0,0.0,0.0,Q1_2025
WAICA REINSURANCE KENYA LIMITED,0.0,0.0,0.0,0.0,0.0,0.0,0.0,0.0,0.0,0.0,0.0,0.0,0.0,0.0,0.0,0.0,Q1_2025
TOTAL,0.0,0.0,0.0,0.0,0.0,0.0,0.0,0.0,0.0,0.0,0.0,0.0,0.0,0.0,0.0,,Q1_2025
Amounts in Thousand Shillings,,,,,,,,,,,,,,,,,Q1_2025
AAR INSURANCE KENYA,0.0,553.1536300000001,883.0247599999999,6400.36022,11013.58571,1162.88947,831.8348800000001,991.7484000000001,0.0,4159.711240000001,4056.608520000001,31265.15454,3608864.19921,15724.2507,3685906.521279999,,Q1_2026
AFRICAN MERCHANT ASSURANCE ,0.0,9884.9031,180.28551,999.2994300000001,17424.30557,1460.3095,130767.3584,419049.11788,206347.65371,6290.48384,933.29363,39521.21316,0.0,15441.11932,848299.3430499999,,Q1_2026
APA INSURANCE LIMITED,146142.996,154835.032,46757.547,1086799.719,200769.126,108625.494,809829.3,817147.745,0.0,69113.758,138163.362,285271.474,3086652.84,122213.326,7072321.719,,Q1_2026
BRITAM GENERAL INSURANCE,102800.00614,279643.50174,64115.72694,541621.0879600003,189740.92138,136447.2346799999,581770.8991000016,214933.45159,0.0,99999.67003722752,53837.59247,297539.4894,2224467.040282249,28666.33536,4815582.957079479,,Q1_2026
BUPA GLOBAL INSURANCE,0.0,0.0,0.0,0.0,0.0,0.0,0.0,0.0,0.0,0.0,0.0,0.0,2503251.726,0.0,2503251.726,,Q1_2026
CANNON GENERAL INSURANCE,0.0,16224.01178,4462.714,30727.725,12299.434,20559.229,304739.50636,84570.95219,0.0,5682.62,9829.838,41139.26,0.0,14123.126,544358.4163299999,,Q1_2026
CIC GENERAL INSURANCE COMPANY,0.0,50524.0628,41404.55065,181827.64218,81423.06483000002,12898.71621,1093604.58911,1004615.3717,0.0,160370.95515,405935.77806,231298.3174,4058650.782780002,90173.18485999998,7412727.015730002,,Q1_2026
DEFINITE ASSURANCE COMPANY,0.0,0.0,0.0,0.0,0.0,0.0,0.0,0.0,0.0,0.0,0.0,0.0,0.0,0.0,0.0,,Q1_2026
DIRECTLINE ASSURANCE COMPANY,0.0,0.0,0.0,0.0,0.0,0.0,111370.13722,36215.91434,610165.1075399994,0.0,0.0,0.0,0.0,0.0,757751.1590999995,,Q1_2026
EQUITY GENERAL INSURANCE LIMITED,0.0,24976.628,285.567,53862.87,81387.634,643.459,12977.982,0.0,0.0,263.398,419607.618,762.161,0.0,0.0,594767.317,,Q1_2026
EQUITY HEALTH INSURANCE LIMITED,0.0,0.0,0.0,0.0,0.0,0.0,0.0,0.0,0.0,0.0,0.0,0.0,1204994.17239,0.0,1204994.17239,,Q1_2026
FIDELITY SHIELD INSURANCE  ,119.264,32429.582,14939.301,163102.202,39739.639,51092.726,521508.87,337538.825,7480.934,3852.109,36140.312,133419.197,199207.06,64958.665,1605528.686,,Q1_2026
FIRST ASSURANCE COMPANY,0.0,82147.557,19853.919,252422.143,39420.442,43276.305,247272.986,186147.322,37581.828,35419.679,45761.411,11236.867,1177203.714,45820.874,2223565.047,,Q1_2026
GA INSURANCE COMPANY,205602.691,386125.692,78254.411,1682580.742,231520.884,233592.906,585771.389,562250.969,57373.475,54799.168,490394.818,625538.982,1964507.881,156594.904,7314908.912,,Q1_2026
GEMINIA INSURANCE COMPANY ,8359.125,44234.107,35066.492,262733.806,56930.361,58295.101,282010.166,341802.356,0.0,25450.944,97360.638,165732.982,0.0,26526.232,1404502.31,,Q1_2026
ICEA LION GENERAL INSURANCE,241110.311,60296.433,56763.71,504039.847,113913.818,53440.647,767980.345,258544.031,0.0,79863.764,72133.987,246397.661,270993.458,51445.72,2776923.732,,Q1_2026
INTRA-AFRICA ASSURANCE ,0.0,107425.24,33057.992,262257.119,18406.752,79217.704,281542.654,154963.934,25247.882,12110.053,48357.87,159849.936,0.0,166599.11,1349036.246,,Q1_2026
JUBILEE HEALTH INSURANCE,0.0,0.0,0.0,0.0,0.0,0.0,0.0,0.0,0.0,0.0,0.0,0.0,4956327.1334643,0.0,4956327.1334643,,Q1_2026
KENINDIA ASSURANCE COMPANY ,0.0,88913.3,11729.334,333850.083,24053.069,48810.016,149076.128,137576.64,0.0,5418.792,89982.322,90486.31,43972.143,7020.67,1030888.807,,Q1_2026
KENYA ORIENT INSURANCE,0.0,21941.547,7665.824,34592.495,14005.39,317.785,91955.153,42337.981,2935.051,1538.949,44773.224,54995.661,0.0,133478.432,450537.492,,Q1_2026
MADISON INSURANCE COMPANY,0.0,61461.118,10161.392,177334.845,113351.891,12158.47,220806.674,1137233.43062,0.0,32981.553,126362.988,177931.388,1509588.76358,108282.79738,3687655.31058,,Q1_2026
MAYFAIR INSURANCE COMPANY,327291.502,291419.034,73600.533,1169122.183,108626.759,365636.729,328536.14,331913.044,11461.366,31419.978,155971.867,367109.916,0.0,378752.829,3940861.88,,Q1_2026
MUA INSURANCE COMPANY,2702.903,5831.291,2099.147,113726.24826,21126.951,36466.40622,87439.05965999998,16061.17828,0.0,740.804,2282.143,12706.625,344865.30675,6984.91341,653032.9765799999,,Q1_2026
NCBA INSURANCE COMPANY,0.0,6198.90883,31768.56088999999,241300.3971899999,301126.6492100001,18183.49311,334887.24819,97350.26962,0.0,54200.37011999942,12327.19959,68162.18,0.0,71.039,1165576.315749999,,Q1_2026
OCCIDENTAL INSURANCE COMPANY ,12448.842,37795.303,10069.333,99424.793,2884.827,23693.772,92846.347,148834.578,0.0,9235.463,25787.79,55007.79,0.0,22859.291,540888.129,,Q1_2026
OLD MUTUAL GENERAL INSURANCE ,82.0,331477.2633499998,78269.35171000003,475369.9109199999,141987.26878,45351.56030999999,540564.73075,512678.6136499998,0.0,35894.161839999,207368.4169499999,136295.41283,4715396.383319996,80257.92884000001,7300993.003249994,,Q1_2026
PACIS INSURANCE COMPANY,0.0,6292.291,6058.514,81297.018,4423.588,1869.936,219550.097,286244.621,23811.304,15794.789,16370.568,72754.564,654597.4202400001,1156.715,1390221.42524,,Q1_2026
PIONEER INSURANCE COMPANY,5863.487349,33510.517,7535.525,76535.428664,38242.28490999999,26526.0475,446635.355946,279760.240342,0.0,11236.368,13307.625,41630.044,0.0,21875.422,1002658.345711,,Q1_2026
SANLAM ALLIANZ GENERAL INSURANCE,0.0,78304.532,25829.741,926343.055,69008.325,62760.287,711940.311,459933.801,0.0,4619.931,191387.602,10480.141,0.0,0.0,2540607.726,,Q1_2026
STAR DISCOVER INSURANCE,42.9,13609.608,0.0,5606.428,312.8,331.371,15313.666,15297.681,0.0,337.625,343.575,6656.548,841982.81,7495.672,907330.684,,Q1_2026
TAKAFUL INSURANCE OF AFRICA,0.0,16022.352,1389.606,19454.535,24190.992,7082.891,75494.306,242793.4304,0.0,1224.029,14026.341,23599.472,10870.101,14036.28,450184.3354,,Q1_2026
TAUSI ASSURANCE COMPANY,0.0,106251.961,46246.558,517654.317,39912.794,69354.217,135456.82,124510.307,0.0,5190.59,83987.452,191823.362,2383.443,7675.594,1330447.415,,Q1_2026
THE HERITAGE INSURANCE COMPANY,19560.328,32858.573,60219.59,277468.746,83839.057,28426.636,367194.306,205898.808,0.0,81107.642,53546.529,189306.092,1824193.784,185945.197,3409565.288,,Q1_2026
THE KENYAN ALLIANCE INSURANCE ,0.0,0.0,0.0,0.0,0.0,0.0,0.0,0.0,0.0,0.0,0.0,0.0,0.0,0.0,0.0,,Q1_2026
THE MONARCH INSURANCE ,0.0,0.0,0.0,0.0,0.0,0.0,0.0,0.0,0.0,0.0,0.0,0.0,0.0,0.0,0.0,,Q1_2026
TOTAL,1072126.3554889997,2381187.5032300004,768668.25046,9578455.045823999,2081082.6133900005,1547682.338,9549674.359616,8457196.362011999,982404.6012499994,848317.3582272258,2860338.76922,3767918.2003300004,35202970.16201654,1774179.6278700002,80872201.54693475,,Q1_2026
CONTINENTAL REINSURANCE,,,,,,,,,,,,,,,,,Q1_2026
CONTINENTAL REINSURANCE,0.0,0.0,0.0,0.0,0.0,0.0,0.0,0.0,0.0,0.0,0.0,0.0,0.0,0.0,0.0,,Q1_2026
EAST AFRICA REINSURANCE ,0.0,0.0,0.0,0.0,0.0,0.0,0.0,0.0,0.0,0.0,0.0,0.0,0.0,0.0,0.0,,Q1_2026
GHANA REINSURANCE COMPANY,0.0,0.0,0.0,0.0,0.0,0.0,0.0,0.0,0.0,0.0,0.0,0.0,0.0,0.0,0.0,,Q1_2026
KENYA REINSURANCE CORPORATION,37117.9386,429012.00251,13385.78893,893574.2265199998,33883.2875,166192.39287,3802.09763,208668.00123,0.0,155819.0512,12906.04245,23664.94804,378275.92746,501974.6685799999,2858276.373519999,,Q1_2026
WAICA REINSURANCE KENYA LIMITED,0.0,0.0,0.0,0.0,0.0,0.0,0.0,0.0,0.0,0.0,0.0,0.0,0.0,0.0,0.0,,Q1_2026
TOTAL,37117.9386,429012.00251,13385.78893,893574.2265199998,33883.2875,166192.39287,3802.09763,208668.00123,0.0,155819.0512,12906.04245,23664.94804,378275.92746,501974.6685799999,2858276.373519999,,Q1_2026
Amounts in Thousand Shillings,,,,,,,,,,,,,,,,,Q1_2026
