Company,Aviation,Engineering,Fire Domestic,Fire Industrial,Liability,Marine,Motor Private,Motor Commercial,Motor Commercial PSV,Personal Accident,Theft,Workmens' Compensation,Medical,Miscellaneous,Total,quarter
AAR INSURANCE KENYA,0.0,4919.048900000001,2218.02528,16028.40557,33955.92481999999,3504.74884,3995.734640000001,0.0,0.0,25155.47559999981,11683.57458,110830.0836700001,12538971.23416086,20832.53052999981,12772094.78659086,FY_2025_cumulative
AFRICAN MERCHANT ASSURANCE ,0.0,83212.56675999999,1054.07135,110584.02874,22966.40432,5569.86852,464420.18978,451194.6616739999,2556769.749486,23359.313,5965.03808,89986.88229,0.0,35801.91149,3850884.685489999,FY_2025_cumulative
APA INSURANCE LIMITED,459879.136,339166.927,135709.812,2293287.197,323181.801,320544.597,3077319.08,2393125.289,0.0,143785.857,282201.182,610280.733,7901106.491,561886.56,18841474.662,FY_2025_cumulative
BRITAM GENERAL INSURANCE,140103.24708,533330.75189,133389.66349,1617096.22632,533295.8238799998,485920.3709700006,1609579.722210007,710048.5835500003,0.0,206469.8106270547,594918.8816900001,568920.277482407,7102393.317801197,55369.44386000001,14290836.12085067,FY_2025_cumulative
BUPA GLOBAL INSURANCE,0.0,0.0,0.0,0.0,0.0,0.0,0.0,0.0,0.0,0.0,0.0,0.0,5329053.458,0.0,5329053.458,FY_2025_cumulative
CANNON GENERAL INSURANCE,0.0,109322.859,15647.183,152024.656,30357.858,58558.106,1408656.06725,452535.75197,0.0,18215.454,17584.676,96358.957,0.0,44376.018,2403637.58622,FY_2025_cumulative
CIC GENERAL INSURANCE COMPANY,0.0,311836.74273,119099.21062,704291.1234899993,163012.93121,50673.62209999999,3694704.865799999,2919606.430040001,0.0,249940.3939599999,709051.3409300003,683597.8969599999,10175094.29159281,308636.65065,20089545.50008281,FY_2025_cumulative
CORPORATE INSURANCE COMPANY,0.0,0.0,0.0,0.0,0.0,0.0,0.0,0.0,0.0,0.0,0.0,0.0,0.0,0.0,0.0,FY_2025_cumulative
DEFINITE ASSURANCE COMPANY,0.0,1044.213,546.365,2162.55,1342.623,520.766,245975.81947,190979.9461514,589306.3317624998,415.159,3665.793,904.639,0.0,111859.567,1148723.7723839,FY_2025_cumulative
DIRECTLINE ASSURANCE COMPANY,0.0,0.0,0.0,0.0,0.0,0.0,318486.4146300002,97887.56678000001,2317684.519099999,0.0,0.0,0.0,0.0,0.0,2734058.500509999,FY_2025_cumulative
EQUITY GENERAL INSURANCE LIMITED,0.0,29307.96980875,1038.95,58055.90307543187,46200.206,245.297,0.0,0.0,0.0,1039.505,449205.79594,6948.733,1196907.175,100.0,1789049.534824182,FY_2025_cumulative
EQUITY HEALTH INSURANCE LIMITED,0.0,0.0,0.0,0.0,0.0,0.0,0.0,0.0,0.0,0.0,0.0,0.0,19165.8596,0.0,19165.8596,FY_2025_cumulative
FIDELITY SHIELD INSURANCE  ,703963.51,82715.808,37975.111,318358.121,78133.064,125115.305,1499042.818,1163930.061,40566.817,9491.107,72635.423,329168.5086800003,313830.0783399999,232127.472,5007053.20402,FY_2025_cumulative
FIRST ASSURANCE COMPANY,0.0,161117.669,73769.14,636131.249,177344.592,164689.523,745023.312,659996.463,0.0,172299.337,253661.434,151745.004,3755490.41,193647.59,7144915.723,FY_2025_cumulative
GA INSURANCE COMPANY,1117857.081,908019.156,191361.345,3273889.316,293211.947,806283.388,1827536.637,1420798.042,119276.538,152409.324,569086.61,1049847.14,4735942.208,564385.109,17029903.841,FY_2025_cumulative
GEMINIA INSURANCE COMPANY ,193246.799,105893.62,83604.449,986110.217,136097.16,363892.737,1157131.594,1018334.203,0.0,145093.563,200127.564,443189.81,0.0,107009.126,4939730.842,FY_2025_cumulative
ICEA LION GENERAL INSURANCE,980664.834,375555.125,155859.814,1654509.344,238354.242,256065.302,2500115.962,621071.797,0.0,277028.337,218116.278,556583.151,590190.263,229846.468,8653960.917,FY_2025_cumulative
INTRA-AFRICA ASSURANCE ,0.0,416563.54,85863.117,516003.529,50099.001,239509.404,812129.508,393557.095,47231.863,23259.428,101092.995,353601.932,0.0,420213.678,3459125.09,FY_2025_cumulative
JUBILEE HEALTH INSURANCE,0.0,0.0,0.0,0.0,0.0,0.0,0.0,0.0,0.0,0.0,0.0,0.0,17047504.55416253,0.0,17047504.55416253,FY_2025_cumulative
KENINDIA ASSURANCE COMPANY ,0.0,162210.064,32057.782,637977.279,65695.975,147559.45,591852.779,396730.553,0.0,8579.426,126205.623,219328.895,162154.308,51190.344,2601542.478,FY_2025_cumulative
KENYA ORIENT INSURANCE,0.0,53624.00026000023,27319.105,115376.208,19944.052,3678.112,357735.58389,189052.531,32447.213,7233.92,61236.645,74932.604,0.0,171089.669,1113669.64315,FY_2025_cumulative
MADISON INSURANCE COMPANY,0.0,88120.11499999999,29009.79500000001,709480.3739999998,280207.029,41591.529,543159.738,3569261.319,0.0,43193.739,164281.513,374442.806,3232128.298940001,363114.162,9437990.41794,FY_2025_cumulative
MAYFAIR INSURANCE COMPANY,674903.258,1147162.582,153876.084,1970679.219,296703.569,537153.856,787499.794,603522.575,28493.354,66095.574,315739.902,909549.982,0.0,1221061.234,8712440.983,FY_2025_cumulative
MUA INSURANCE COMPANY,58948.524,20375.087,9418.052,341789.585,85624.835,80795.081,299579.354,109515.04,0.0,24660.274,27840.741,64823.971,944605.506,66721.425,2134697.475,FY_2025_cumulative
NCBA INSURANCE COMPANY,1098.74255,35612.82461,127353.22497,540264.8753399998,621354.67091,28357.36828,1087091.0005,151813.9115,0.0,225494.3371200001,285292.27135,307757.5000999999,0.0,138.428,3411629.15523,FY_2025_cumulative
OCCIDENTAL INSURANCE COMPANY ,28324.137,128409.252,42086.772,282759.282,13979.426,66203.75,403765.679,399074.357,0.0,31347.484,60964.844,213412.78487,0.0,54954.354,1725282.12187,FY_2025_cumulative
OLD MUTUAL GENERAL INSURANCE ,43822.52079000001,367757.9643800001,218832.5820499999,1036083.95704,312547.4404500002,163303.7978000002,1785427.65924,1551346.15287,0.0,94888.25217999915,470811.3718499999,364034.1668599999,11241386.78413,129587.58697,17779830.23661,FY_2025_cumulative
PACIS INSURANCE COMPANY,0.0,39621.363,18350.22,157155.152,327168.003,10245.661,569687.381,800568.697,0.0,43458.206,50310.351,160108.466,1355150.644,4962.191,3536786.335,FY_2025_cumulative
PIONEER INSURANCE COMPANY,7712.87726,138632.5127232,15566.455,301003.724092,124452.769,84769.3515,1197597.53458292,787489.2391489999,0.0,30311.705,95735.012,122049.686,0.0,55342.0751136,2960662.94142072,FY_2025_cumulative
SANLAM ALLIANZ GENERAL INSURANCE,1182.834,213707.523,159272.586,2178486.819,663403.607,245260.034,2139797.863,1391969.961,0.0,32359.126,39259.358,503981.833,0.0,158207.264,7726888.808,FY_2025_cumulative
STAR DISCOVER INSURANCE,84728.626,9755.735,178.19,14562.809,60235.22,35834.477,102309.481,63903.891,0.0,1357.762,32760.588,43565.067,1553941.8,83918.999,2087052.645,FY_2025_cumulative
TAKAFUL INSURANCE OF AFRICA,0.0,46617.423,5517.132,57562.582,52951.791,26190.779,246677.19732,444881.2258000001,0.0,2017.416,36336.172,52358.714,7833.003,52322.909,1031266.34412,FY_2025_cumulative
TAUSI ASSURANCE COMPANY,0.0,147431.87,93008.397,715921.097,44880.179,209809.404,277085.707,197734.407,0.0,14120.133,134634.751,290652.244,4392.178,33825.325,2163495.692,FY_2025_cumulative
THE HERITAGE INSURANCE COMPANY,106456.759,128850.431,122509.588,1075865.428,251857.6,116555.542,1348246.881,671891.275,0.0,203387.91,115199.274,484812.561,3615906.872,353161.953,8594702.074,FY_2025_cumulative
THE KENYAN ALLIANCE INSURANCE ,0.0,8975.239,3495.2736,29045.30354,11400.06553,2226.97304,654601.143279996,193354.75012,0.0,14898.60854,9214.89877,251471.86128,462784.53901,24869.80002,1666338.455729996,FY_2025_cumulative
THE MONARCH INSURANCE ,0.0,0.0,0.0,0.0,0.0,0.0,0.0,0.0,0.0,0.0,0.0,0.0,0.0,0.0,0.0,FY_2025_cumulative
TRIDENT INSURANCE COMPANY ,0.0,0.0,0.0,0.0,0.0,0.0,0.0,0.0,0.0,0.0,0.0,0.0,0.0,0.0,0.0,FY_2025_cumulative
TOTAL,4602892.885680001,6198869.983061951,2094987.4953599996,22502545.56020743,5359959.81012,4680628.201050002,31756232.50059292,24015175.775604397,5731776.385348499,2291365.937027054,5514819.90219,9489246.890192408,93285933.27373737,5710559.8436336,223234994.44380566,FY_2025_cumulative
CONTINENTAL REINSURANCE,,,,,,,,,,,,,,,,FY_2025_cumulative
CONTINENTAL REINSURANCE,0.0,0.0,0.0,0.0,0.0,0.0,0.0,0.0,0.0,0.0,0.0,0.0,0.0,0.0,0.0,FY_2025_cumulative
EAST AFRICA REINSURANCE ,0.0,0.0,0.0,0.0,0.0,0.0,0.0,0.0,0.0,0.0,0.0,0.0,0.0,0.0,0.0,FY_2025_cumulative
GHANA REINSURANCE COMPANY,0.0,0.0,0.0,0.0,0.0,0.0,0.0,0.0,0.0,0.0,0.0,0.0,0.0,0.0,0.0,FY_2025_cumulative
KENYA REINSURANCE CORPORATION,108799.44667,1589695.698730001,116497.29225,4631067.965689999,153812.48781,761806.1787099995,13368.51477,437423.77945,0.0,350440.70153,31763.13107,20319.93016,2955437.0362,1666898.785060002,12837330.9481,FY_2025_cumulative
WAICA REINSURANCE KENYA LIMITED,0.0,0.0,0.0,0.0,0.0,0.0,0.0,0.0,0.0,0.0,0.0,0.0,0.0,0.0,0.0,FY_2025_cumulative
TOTAL,108799.44667,1589695.698730001,116497.29225,4631067.965689999,153812.48781,761806.1787099995,13368.51477,437423.77945,0.0,350440.70153,31763.13107,20319.93016,2955437.0362,1666898.785060002,12837330.9481,FY_2025_cumulative
Amounts in Thousand Shillings,,,,,,,,,,,,,,,,FY_2025_cumulative
